1001,Corporation
1002,Selection
1003,I
1004,Special
1005,II
1006,II
1007,I
1154,NP
1155,NP
1156,III
1157,NP
1158,III
1008,Corporation
1009,I
1010,III
1011,II
1012,Corporation
1117,III
1118,III
1119,III
1013,Corporation
1014,Special
1120,NP
1121,III
1122,III
1123,III
1124,NP
1164,III
1165,NP
1015,Special
1016,Corporation
1017,Special
1018,I
1125,NP
1161,III
1162,NP
1163,NP
1160,NP
1019,II
1020,I
1022,II
1023,II
1024,I
1025,II
1026,II
1027,II
1028,Special
1131,III
1132,II
1143,III
1021,Corporation
1029,II
1030,II
1031,Corporation
1127,III
1151,III
1152,III
1153,NP
1032,I
1033,II
1034,II
1035,Corporation
1148,NP
1147,NP
1150,NP
1149,NP
1059,I
1060,Corporation
1061,II
1062,II
1063,II
1064,Corporation
1065,II
1066,II
1067,II
1140,NP
1139,NP
1138,NP
1068,Special
1069,II
1070,Special
1071,II
1072,III
1146,NP
1144,NP
1145,NP
1073,Corporation
1074,Selection
1075,Corporation
1076,III
1077,I
1078,II
1079,I
1080,Selection
1081,I
1142,NP
1082,III
1083,III
1084,III
1085,I
1133,NP
1134,NP
1136,III
1137,III
1086,Corporation
1090,II
1091,I
1092,II
1093,Selection
1135,NP